Scan,Channel_1,Channel_2,Channel_3,Channel_4,Channel_5,Channel_6,Channel_7,Channel_8,Channel_9,Channel_10,Channel_11,Channel_12,Channel_13,Channel_14,Channel_15,Channel_16
39,0.027771,-0.0238037,-0.0314331,-0.00183105,0.0192261,-0.0735474,-0.00915527,0.104675,0.00640869,0.0372314,0.0222778,0.0112915,0.00640869,-0.00701904,-0.0256348,-0.0210571
149,0.0216675,-0.0344849,-0.0357056,-0.000915527,0.0216675,-0.0674438,-0.0100708,0.116272,0.00671387,0.0372314,0.0198364,0.0088501,0.00640869,-0.00671387,-0.0250244,-0.0198364
149,0.0216675,-0.0344849,-0.0357056,-0.000915527,0.0216675,-0.0674438,-0.0100708,0.116272,0.00671387,0.0372314,0.0198364,0.0088501,0.00640869,-0.00671387,-0.0250244,-0.0198364
249,0.0219727,-0.045166,-0.0418091,0.000305176,0.0222778,-0.0665283,-0.0088501,0.129395,0.00549316,0.0366211,0.0222778,0.00915527,0.00640869,-0.00610352,-0.0250244,-0.020752
249,0.0219727,-0.045166,-0.0418091,0.000305176,0.0222778,-0.0665283,-0.0088501,0.129395,0.00549316,0.0366211,0.0222778,0.00915527,0.00640869,-0.00610352,-0.0250244,-0.020752
349,0.0302124,-0.0302124,-0.0430298,-0.00732422,0.0195312,-0.0717163,-0.00946045,0.114441,0.00579834,0.0360107,0.0274658,0.0134277,0.00732422,-0.00640869,-0.0253296,-0.0204468
349,0.0302124,-0.0302124,-0.0430298,-0.00732422,0.0195312,-0.0717163,-0.00946045,0.114441,0.00579834,0.0360107,0.0274658,0.0134277,0.00732422,-0.00640869,-0.0253296,-0.0204468
449,0.0314331,-0.0296021,-0.0469971,-0.0100708,0.0228882,-0.0704956,-0.0100708,0.116272,0.00488281,0.0357056,0.0244141,0.0125122,0.00732422,-0.00671387,-0.0250244,-0.0198364
449,0.0314331,-0.0296021,-0.0469971,-0.0100708,0.0228882,-0.0704956,-0.0100708,0.116272,0.00488281,0.0357056,0.0244141,0.0125122,0.00732422,-0.00671387,-0.0250244,-0.0198364
559,0.032959,-0.0335693,-0.0482178,-0.00732422,0.0231934,-0.0686646,-0.00915527,0.121765,0.00427246,0.0372314,0.0280762,0.0134277,0.00762939,-0.00549316,-0.0250244,-0.0183105
559,0.032959,-0.0335693,-0.0482178,-0.00732422,0.0231934,-0.0686646,-0.00915527,0.121765,0.00427246,0.0372314,0.0280762,0.0134277,0.00762939,-0.00549316,-0.0250244,-0.0183105
649,0.0302124,-0.0485229,-0.0506592,-0.00183105,0.0222778,-0.065918,-0.0088501,0.140381,0.00549316,0.0378418,0.0250244,0.0125122,0.00732422,-0.00610352,-0.0250244,-0.0186157
649,0.0302124,-0.0485229,-0.0506592,-0.00183105,0.0222778,-0.065918,-0.0088501,0.140381,0.00549316,0.0378418,0.0250244,0.0125122,0.00732422,-0.00610352,-0.0250244,-0.0186157
759,0.0289917,-0.0494385,-0.0534058,-0.00396729,0.0216675,-0.0653076,-0.00854492,0.139771,0.00610352,0.0378418,0.0247192,0.012207,0.00610352,-0.00610352,-0.0244141,-0.0183105
849,0.0302124,-0.0387573,-0.0469971,-0.00488281,0.0222778,-0.067749,-0.00946045,0.1297,0.00518799,0.0375366,0.027771,0.0140381,0.00732422,-0.00610352,-0.0244141,-0.0180054
849,0.0302124,-0.0387573,-0.0469971,-0.00488281,0.0222778,-0.067749,-0.00946045,0.1297,0.00518799,0.0375366,0.027771,0.0140381,0.00732422,-0.00610352,-0.0244141,-0.0180054
959,0.0280762,-0.0369263,-0.0445557,-0.00640869,0.0216675,-0.0695801,-0.010376,0.124207,0.00488281,0.0384521,0.032959,0.0167847,0.00793457,-0.00518799,-0.0250244,-0.0183105
959,0.0280762,-0.0369263,-0.0445557,-0.00640869,0.0216675,-0.0695801,-0.010376,0.124207,0.00488281,0.0384521,0.032959,0.0167847,0.00793457,-0.00518799,-0.0250244,-0.0183105
1059,0.027771,-0.0427246,-0.0439453,-0.00152588,0.0204468,-0.0680542,-0.00793457,0.133057,0.00549316,0.0390625,0.0311279,0.0161743,0.00762939,-0.00640869,-0.0259399,-0.0186157
1059,0.027771,-0.0427246,-0.0439453,-0.00152588,0.0204468,-0.0680542,-0.00793457,0.133057,0.00549316,0.0390625,0.0311279,0.0161743,0.00762939,-0.00640869,-0.0259399,-0.0186157
1159,0.0317383,-0.0430298,-0.0445557,-0.00152588,0.0183105,-0.0689697,-0.00823975,0.125427,0.00610352,0.0405884,0.0244141,0.0109863,0.00671387,-0.00671387,-0.0253296,-0.0183105
1159,0.0317383,-0.0430298,-0.0445557,-0.00152588,0.0183105,-0.0689697,-0.00823975,0.125427,0.00610352,0.0405884,0.0244141,0.0109863,0.00671387,-0.00671387,-0.0253296,-0.0183105
1259,0.0308228,-0.0387573,-0.0463867,-0.00427246,0.0177002,-0.0708008,-0.00854492,0.119629,0.00732422,0.0411987,0.0253296,0.0115967,0.00823975,-0.00610352,-0.0253296,-0.0180054
1259,0.0308228,-0.0387573,-0.0463867,-0.00427246,0.0177002,-0.0708008,-0.00854492,0.119629,0.00732422,0.0411987,0.0253296,0.0115967,0.00823975,-0.00610352,-0.0253296,-0.0180054
1349,0.0296021,-0.032959,-0.0384521,-0.00305176,0.0164795,-0.0720215,-0.00793457,0.112915,0.00671387,0.0405884,0.0259399,0.0112915,0.00701904,-0.00610352,-0.0250244,-0.0195312
1349,0.0296021,-0.032959,-0.0384521,-0.00305176,0.0164795,-0.0720215,-0.00793457,0.112915,0.00671387,0.0405884,0.0259399,0.0112915,0.00701904,-0.00610352,-0.0250244,-0.0195312
1459,0.0302124,-0.0286865,-0.0335693,0.000305176,0.0167847,-0.072937,-0.00854492,0.110168,0.00671387,0.0402832,0.0241089,0.010376,0.00793457,-0.00732422,-0.0253296,-0.0201416
1459,0.0302124,-0.0286865,-0.0335693,0.000305176,0.0167847,-0.072937,-0.00854492,0.110168,0.00671387,0.0402832,0.0241089,0.010376,0.00793457,-0.00732422,-0.0253296,-0.0201416
1549,0.0280762,-0.0311279,-0.0332642,0.00152588,0.0177002,-0.072937,-0.00793457,0.11261,0.00610352,0.0405884,0.0219727,0.0109863,0.00732422,-0.00610352,-0.0250244,-0.0189209
1549,0.0280762,-0.0311279,-0.0332642,0.00152588,0.0177002,-0.072937,-0.00793457,0.11261,0.00610352,0.0405884,0.0219727,0.0109863,0.00732422,-0.00610352,-0.0250244,-0.0189209
1659,0.0271606,-0.0323486,-0.0338745,0.000610352,0.0164795,-0.0726318,-0.00793457,0.11322,0.00762939,0.0396729,0.0228882,0.00976562,0.00732422,-0.00732422,-0.0256348,-0.0201416
1759,0.0259399,-0.0335693,-0.0344849,0.000305176,0.0167847,-0.0720215,-0.00793457,0.114136,0.00732422,0.0390625,0.0216675,0.00793457,0.00732422,-0.00671387,-0.0256348,-0.0189209
1759,0.0259399,-0.0335693,-0.0344849,0.000305176,0.0167847,-0.0720215,-0.00793457,0.114136,0.00732422,0.0390625,0.0216675,0.00793457,0.00732422,-0.00671387,-0.0256348,-0.0189209
1869,0.0274658,-0.032959,-0.0338745,0.00152588,0.0164795,-0.0726318,-0.00793457,0.114441,0.00701904,0.0390625,0.0213623,0.00915527,0.00701904,-0.00793457,-0.0259399,-0.0201416
1869,0.0274658,-0.032959,-0.0338745,0.00152588,0.0164795,-0.0726318,-0.00793457,0.114441,0.00701904,0.0390625,0.0213623,0.00915527,0.00701904,-0.00793457,-0.0259399,-0.0201416
1959,0.0286865,-0.032959,-0.0341797,0.00152588,0.0158691,-0.0741577,-0.00793457,0.11322,0.00823975,0.0396729,0.0201416,0.00671387,0.00640869,-0.00701904,-0.0247192,-0.0204468
1959,0.0286865,-0.032959,-0.0341797,0.00152588,0.0158691,-0.0741577,-0.00793457,0.11322,0.00823975,0.0396729,0.0201416,0.00671387,0.00640869,-0.00701904,-0.0247192,-0.0204468
2069,0.0274658,-0.0320435,-0.0341797,0.00152588,0.015564,-0.0726318,-0.00793457,0.113525,0.00732422,0.0390625,0.017395,0.00701904,0.00579834,-0.00762939,-0.0256348,-0.0198364
2069,0.0274658,-0.0320435,-0.0341797,0.00152588,0.015564,-0.0726318,-0.00793457,0.113525,0.00732422,0.0390625,0.017395,0.00701904,0.00579834,-0.00762939,-0.0256348,-0.0198364
2159,0.0296021,-0.0323486,-0.0363159,0,0.015564,-0.0732422,-0.00732422,0.11322,0.00701904,0.0393677,0.0186157,0.00640869,0.00640869,-0.00762939,-0.0259399,-0.020752
2159,0.0296021,-0.0323486,-0.0363159,0,0.015564,-0.0732422,-0.00732422,0.11322,0.00701904,0.0393677,0.0186157,0.00640869,0.00640869,-0.00762939,-0.0259399,-0.020752
2269,0.0289917,-0.0323486,-0.0366211,-0.000610352,0.0146484,-0.0732422,-0.00762939,0.113525,0.00701904,0.0393677,0.0189209,0.00732422,0.00610352,-0.00640869,-0.0256348,-0.0201416
2269,0.0289917,-0.0323486,-0.0366211,-0.000610352,0.0146484,-0.0732422,-0.00762939,0.113525,0.00701904,0.0393677,0.0189209,0.00732422,0.00610352,-0.00640869,-0.0256348,-0.0201416
2359,0.0274658,-0.0338745,-0.0378418,-0.00213623,0.0177002,-0.0720215,-0.00915527,0.113831,0.00701904,0.0390625,0.022583,0.010376,0.00671387,-0.00549316,-0.0256348,-0.0189209
2359,0.0274658,-0.0338745,-0.0378418,-0.00213623,0.0177002,-0.0720215,-0.00915527,0.113831,0.00701904,0.0390625,0.022583,0.010376,0.00671387,-0.00549316,-0.0256348,-0.0189209
2469,0.0292969,-0.0344849,-0.0469971,-0.00793457,0.0210571,-0.0698853,-0.00946045,0.115967,0.00701904,0.0402832,0.0198364,0.00732422,0.00701904,-0.00640869,-0.0250244,-0.0192261
2469,0.0292969,-0.0344849,-0.0469971,-0.00793457,0.0210571,-0.0698853,-0.00946045,0.115967,0.00701904,0.0402832,0.0198364,0.00732422,0.00701904,-0.00640869,-0.0250244,-0.0192261
2559,0.0305176,-0.0366211,-0.0518799,-0.0115967,0.0228882,-0.0689697,-0.0100708,0.115662,0.00610352,0.0384521,0.0253296,0.0119019,0.00671387,-0.00518799,-0.0244141,-0.0186157
2669,0.03479,-0.0357056,-0.0576782,-0.0125122,0.0271606,-0.0695801,-0.012207,0.115356,0.00457764,0.0375366,0.0326538,0.0167847,0.00854492,-0.00457764,-0.0244141,-0.0177002
2669,0.03479,-0.0357056,-0.0576782,-0.0125122,0.0271606,-0.0695801,-0.012207,0.115356,0.00457764,0.0375366,0.0326538,0.0167847,0.00854492,-0.00457764,-0.0244141,-0.0177002
2769,0.0393677,-0.0390625,-0.0634766,-0.0137329,0.032959,-0.0683594,-0.0131226,0.119629,0.00335693,0.0369263,0.0332642,0.0183105,0.00854492,-0.00457764,-0.0247192,-0.0192261
2769,0.0393677,-0.0390625,-0.0634766,-0.0137329,0.032959,-0.0683594,-0.0131226,0.119629,0.00335693,0.0369263,0.0332642,0.0183105,0.00854492,-0.00457764,-0.0247192,-0.0192261
2859,0.0424194,-0.0408936,-0.0689697,-0.0152588,0.032959,-0.0674438,-0.0131226,0.119629,0.00427246,0.0375366,0.0335693,0.017395,0.00854492,-0.00427246,-0.0244141,-0.0189209
2859,0.0424194,-0.0408936,-0.0689697,-0.0152588,0.032959,-0.0674438,-0.0131226,0.119629,0.00427246,0.0375366,0.0335693,0.017395,0.00854492,-0.00427246,-0.0244141,-0.0189209
2969,0.0411987,-0.0430298,-0.0689697,-0.0158691,0.0332642,-0.067749,-0.0131226,0.12085,0.00427246,0.0369263,0.0305176,0.0152588,0.00762939,-0.00488281,-0.0247192,-0.0189209
2969,0.0411987,-0.0430298,-0.0689697,-0.0158691,0.0332642,-0.067749,-0.0131226,0.12085,0.00427246,0.0369263,0.0305176,0.0152588,0.00762939,-0.00488281,-0.0247192,-0.0189209
3059,0.0427246,-0.0421143,-0.0704956,-0.0161743,0.0332642,-0.0683594,-0.0134277,0.119324,0.00457764,0.0375366,0.0338745,0.0164795,0.0088501,-0.00457764,-0.0247192,-0.0192261
3059,0.0427246,-0.0421143,-0.0704956,-0.0161743,0.0332642,-0.0683594,-0.0134277,0.119324,0.00457764,0.0375366,0.0338745,0.0164795,0.0088501,-0.00457764,-0.0247192,-0.0192261
3169,0.0473022,-0.0402832,-0.0689697,-0.0146484,0.0268555,-0.071106,-0.0119019,0.118713,0.00366211,0.0372314,0.0335693,0.017395,0.00823975,-0.00427246,-0.0238037,-0.0189209
3169,0.0473022,-0.0402832,-0.0689697,-0.0146484,0.0268555,-0.071106,-0.0119019,0.118713,0.00366211,0.0372314,0.0335693,0.017395,0.00823975,-0.00427246,-0.0238037,-0.0189209
3269,0.050354,-0.0421143,-0.0701904,-0.0134277,0.0222778,-0.0741577,-0.0100708,0.119019,0.00396729,0.0369263,0.032959,0.0167847,0.00793457,-0.00488281,-0.0238037,-0.0189209
3269,0.050354,-0.0421143,-0.0701904,-0.0134277,0.0222778,-0.0741577,-0.0100708,0.119019,0.00396729,0.0369263,0.032959,0.0167847,0.00793457,-0.00488281,-0.0238037,-0.0189209
3379,0.0512695,-0.0421143,-0.0726318,-0.0143433,0.0250244,-0.072937,-0.0106812,0.119324,0.00213623,0.0366211,0.0323486,0.0164795,0.00732422,-0.00457764,-0.0247192,-0.0195312
3469,0.0506592,-0.0408936,-0.0683594,-0.0119019,0.022583,-0.0747681,-0.00946045,0.117493,0.00213623,0.0354004,0.0396729,0.0216675,0.00854492,-0.00305176,-0.0234985,-0.0186157
3469,0.0506592,-0.0408936,-0.0683594,-0.0119019,0.022583,-0.0747681,-0.00946045,0.117493,0.00213623,0.0354004,0.0396729,0.0216675,0.00854492,-0.00305176,-0.0234985,-0.0186157
3579,0.0549316,-0.0418091,-0.0714111,-0.012207,0.0228882,-0.0753784,-0.010376,0.119019,0.00244141,0.0357056,0.0357056,0.0192261,0.00701904,-0.00396729,-0.0253296,-0.0186157
3579,0.0549316,-0.0418091,-0.0714111,-0.012207,0.0228882,-0.0753784,-0.010376,0.119019,0.00244141,0.0357056,0.0357056,0.0192261,0.00701904,-0.00396729,-0.0253296,-0.0186157
3669,0.0512695,-0.0427246,-0.0717163,-0.0131226,0.0231934,-0.0741577,-0.0115967,0.118103,0.00244141,0.0357056,0.0366211,0.0189209,0.00762939,-0.00396729,-0.0234985,-0.0192261
3669,0.0512695,-0.0427246,-0.0717163,-0.0131226,0.0231934,-0.0741577,-0.0115967,0.118103,0.00244141,0.0357056,0.0366211,0.0189209,0.00762939,-0.00396729,-0.0234985,-0.0192261
3779,0.0485229,-0.0427246,-0.0723267,-0.0149536,0.0244141,-0.0717163,-0.0106812,0.119934,0.00427246,0.0354004,0.0314331,0.0158691,0.00793457,-0.00549316,-0.0234985,-0.0183105
3779,0.0485229,-0.0427246,-0.0723267,-0.0149536,0.0244141,-0.0717163,-0.0106812,0.119934,0.00427246,0.0354004,0.0314331,0.0158691,0.00793457,-0.00549316,-0.0234985,-0.0183105
3869,0.0494385,-0.0436401,-0.0683594,-0.0112915,0.0219727,-0.0735474,-0.010376,0.118713,0.00305176,0.0357056,0.0341797,0.0183105,0.00823975,-0.00457764,-0.0238037,-0.0180054
3869,0.0494385,-0.0436401,-0.0683594,-0.0112915,0.0219727,-0.0735474,-0.010376,0.118713,0.00305176,0.0357056,0.0341797,0.0183105,0.00823975,-0.00457764,-0.0238037,-0.0180054
3979,0.0491333,-0.043335,-0.0671387,-0.0100708,0.020752,-0.0756836,-0.00946045,0.118103,0.00366211,0.0363159,0.0326538,0.0161743,0.00671387,-0.00640869,-0.0241089,-0.0183105
3979,0.0491333,-0.043335,-0.0671387,-0.0100708,0.020752,-0.0756836,-0.00946045,0.118103,0.00366211,0.0363159,0.0326538,0.0161743,0.00671387,-0.00640869,-0.0241089,-0.0183105
4069,0.0479126,-0.0421143,-0.0656128,-0.0125122,0.0195312,-0.0753784,-0.00946045,0.118713,0.00396729,0.0357056,0.03479,0.017395,0.00793457,-0.00488281,-0.0250244,-0.0198364
4069,0.0479126,-0.0421143,-0.0656128,-0.0125122,0.0195312,-0.0753784,-0.00946045,0.118713,0.00396729,0.0357056,0.03479,0.017395,0.00793457,-0.00488281,-0.0250244,-0.0198364
4179,0.0488281,-0.0393677,-0.0674438,-0.0115967,0.020752,-0.0753784,-0.00946045,0.116272,0.00396729,0.0357056,0.0314331,0.015564,0.00732422,-0.00427246,-0.0256348,-0.0201416
4179,0.0488281,-0.0393677,-0.0674438,-0.0115967,0.020752,-0.0753784,-0.00946045,0.116272,0.00396729,0.0357056,0.0314331,0.015564,0.00732422,-0.00427246,-0.0256348,-0.0201416
4269,0.0488281,-0.0384521,-0.062561,-0.010376,0.0198364,-0.0772095,-0.010376,0.11322,0.00488281,0.0375366,0.0326538,0.0161743,0.00701904,-0.00488281,-0.0247192,-0.0198364
4379,0.0500488,-0.0372314,-0.062561,-0.010376,0.0201416,-0.0772095,-0.00946045,0.114136,0.00274658,0.0357056,0.0308228,0.0161743,0.00732422,-0.00610352,-0.0253296,-0.0201416
4379,0.0500488,-0.0372314,-0.062561,-0.010376,0.0201416,-0.0772095,-0.00946045,0.114136,0.00274658,0.0357056,0.0308228,0.0161743,0.00732422,-0.00610352,-0.0253296,-0.0201416
4469,0.0473022,-0.0418091,-0.0656128,-0.0106812,0.0204468,-0.0747681,-0.010376,0.116577,0.00396729,0.0354004,0.0320435,0.0158691,0.00640869,-0.00457764,-0.0256348,-0.0198364
4469,0.0473022,-0.0418091,-0.0656128,-0.0106812,0.0204468,-0.0747681,-0.010376,0.116577,0.00396729,0.0354004,0.0320435,0.0158691,0.00640869,-0.00457764,-0.0256348,-0.0198364
4579,0.0500488,-0.0390625,-0.0653076,-0.010376,0.0213623,-0.0750732,-0.00976562,0.116577,0.00305176,0.0354004,0.0338745,0.017395,0.00762939,-0.00427246,-0.0241089,-0.0198364
4579,0.0500488,-0.0390625,-0.0653076,-0.010376,0.0213623,-0.0750732,-0.00976562,0.116577,0.00305176,0.0354004,0.0338745,0.017395,0.00762939,-0.00427246,-0.0241089,-0.0198364
4679,0.0463867,-0.0418091,-0.0662231,-0.0112915,0.0213623,-0.0741577,-0.00946045,0.118103,0.00396729,0.0344849,0.0314331,0.0167847,0.00732422,-0.00427246,-0.0241089,-0.0192261
4679,0.0463867,-0.0418091,-0.0662231,-0.0112915,0.0213623,-0.0741577,-0.00946045,0.118103,0.00396729,0.0344849,0.0314331,0.0167847,0.00732422,-0.00427246,-0.0241089,-0.0192261
4769,0.0482178,-0.0421143,-0.0668335,-0.0112915,0.0216675,-0.0741577,-0.0100708,0.118103,0.00427246,0.03479,0.0311279,0.0158691,0.00701904,-0.00366211,-0.0241089,-0.0192261
4769,0.0482178,-0.0421143,-0.0668335,-0.0112915,0.0216675,-0.0741577,-0.0100708,0.118103,0.00427246,0.03479,0.0311279,0.0158691,0.00701904,-0.00366211,-0.0241089,-0.0192261
4879,0.0479126,-0.0405884,-0.0650024,-0.0112915,0.0222778,-0.0744629,-0.0100708,0.116882,0.00366211,0.0354004,0.0317383,0.0161743,0.00854492,-0.00549316,-0.0241089,-0.0189209
4879,0.0479126,-0.0405884,-0.0650024,-0.0112915,0.0222778,-0.0744629,-0.0100708,0.116882,0.00366211,0.0354004,0.0317383,0.0161743,0.00854492,-0.00549316,-0.0241089,-0.0189209
4969,0.0466919,-0.0396729,-0.0674438,-0.0134277,0.0259399,-0.0726318,-0.0112915,0.115967,0.00427246,0.0350952,0.0326538,0.0170898,0.00701904,-0.00488281,-0.0247192,-0.0189209
4969,0.0466919,-0.0396729,-0.0674438,-0.0134277,0.0259399,-0.0726318,-0.0112915,0.115967,0.00427246,0.0350952,0.0326538,0.0170898,0.00701904,-0.00488281,-0.0247192,-0.0189209
5079,0.0476074,-0.0415039,-0.0662231,-0.0134277,0.0250244,-0.0726318,-0.0109863,0.117188,0.00488281,0.0344849,0.0308228,0.0152588,0.00701904,-0.00488281,-0.0234985,-0.0189209
5079,0.0476074,-0.0415039,-0.0662231,-0.0134277,0.0250244,-0.0726318,-0.0109863,0.117188,0.00488281,0.0344849,0.0308228,0.0152588,0.00701904,-0.00488281,-0.0234985,-0.0189209
5179,0.0476074,-0.0396729,-0.065918,-0.012207,0.0250244,-0.0732422,-0.0115967,0.116882,0.00427246,0.0344849,0.0305176,0.0158691,0.00732422,-0.00488281,-0.0238037,-0.0192261
5179,0.0476074,-0.0396729,-0.065918,-0.012207,0.0250244,-0.0732422,-0.0115967,0.116882,0.00427246,0.0344849,0.0305176,0.0158691,0.00732422,-0.00488281,-0.0238037,-0.0192261
5289,0.0485229,-0.038147,-0.0668335,-0.012207,0.0262451,-0.0726318,-0.012207,0.115356,0.00427246,0.0360107,0.0314331,0.0158691,0.00762939,-0.00427246,-0.0241089,-0.0195312
5379,0.0485229,-0.0390625,-0.0671387,-0.0131226,0.0262451,-0.0726318,-0.0119019,0.116272,0.00457764,0.03479,0.0302124,0.0161743,0.00732422,-0.00457764,-0.0238037,-0.0198364
5379,0.0485229,-0.0390625,-0.0671387,-0.0131226,0.0262451,-0.0726318,-0.0119019,0.116272,0.00457764,0.03479,0.0302124,0.0161743,0.00732422,-0.00457764,-0.0238037,-0.0198364
5489,0.0466919,-0.0393677,-0.067749,-0.0146484,0.027771,-0.0708008,-0.0119019,0.117188,0.00427246,0.0360107,0.0305176,0.0170898,0.00701904,-0.00488281,-0.0238037,-0.0189209
5489,0.0466919,-0.0393677,-0.067749,-0.0146484,0.027771,-0.0708008,-0.0119019,0.117188,0.00427246,0.0360107,0.0305176,0.0170898,0.00701904,-0.00488281,-0.0238037,-0.0189209
5579,0.0482178,-0.0384521,-0.067749,-0.0134277,0.0274658,-0.0714111,-0.0128174,0.115967,0.00427246,0.0360107,0.0308228,0.0158691,0.00732422,-0.00488281,-0.0244141,-0.0195312
5579,0.0482178,-0.0384521,-0.067749,-0.0134277,0.0274658,-0.0714111,-0.0128174,0.115967,0.00427246,0.0360107,0.0308228,0.0158691,0.00732422,-0.00488281,-0.0244141,-0.0195312
5689,0.0488281,-0.0369263,-0.0668335,-0.0131226,0.0256348,-0.0741577,-0.0112915,0.114441,0.00518799,0.0363159,0.0317383,0.0158691,0.00854492,-0.00427246,-0.0250244,-0.0195312
5689,0.0488281,-0.0369263,-0.0668335,-0.0131226,0.0256348,-0.0741577,-0.0112915,0.114441,0.00518799,0.0363159,0.0317383,0.0158691,0.00854492,-0.00427246,-0.0250244,-0.0195312
5789,0.0485229,-0.0384521,-0.0665283,-0.0125122,0.0250244,-0.0735474,-0.0106812,0.114746,0.00427246,0.0363159,0.0311279,0.0161743,0.00671387,-0.00427246,-0.0244141,-0.0183105
5789,0.0485229,-0.0384521,-0.0665283,-0.0125122,0.0250244,-0.0735474,-0.0106812,0.114746,0.00427246,0.0363159,0.0311279,0.0161743,0.00671387,-0.00427246,-0.0244141,-0.0183105
5879,0.0491333,-0.0402832,-0.067749,-0.0134277,0.0241089,-0.0726318,-0.0109863,0.116577,0.00457764,0.0360107,0.0311279,0.0152588,0.00762939,-0.00488281,-0.0247192,-0.0183105
5879,0.0491333,-0.0402832,-0.067749,-0.0134277,0.0241089,-0.0726318,-0.0109863,0.116577,0.00457764,0.0360107,0.0311279,0.0152588,0.00762939,-0.00488281,-0.0247192,-0.0183105
5989,0.0485229,-0.0384521,-0.0680542,-0.0140381,0.0228882,-0.0732422,-0.010376,0.114441,0.00427246,0.0363159,0.0299072,0.0152588,0.00701904,-0.00488281,-0.0244141,-0.0189209
5989,0.0485229,-0.0384521,-0.0680542,-0.0140381,0.0228882,-0.0732422,-0.010376,0.114441,0.00427246,0.0363159,0.0299072,0.0152588,0.00701904,-0.00488281,-0.0244141,-0.0189209
6089,0.0488281,-0.0378418,-0.0671387,-0.0143433,0.0213623,-0.0741577,-0.010376,0.113831,0.00457764,0.0363159,0.0326538,0.0170898,0.00762939,-0.00427246,-0.0244141,-0.0195312
6199,0.0485229,-0.0393677,-0.0680542,-0.0140381,0.0192261,-0.0756836,-0.0100708,0.114441,0.00457764,0.0360107,0.0320435,0.0164795,0.00793457,-0.00518799,-0.0241089,-0.0189209
6199,0.0485229,-0.0393677,-0.0680542,-0.0140381,0.0192261,-0.0756836,-0.0100708,0.114441,0.00457764,0.0360107,0.0320435,0.0164795,0.00793457,-0.00518799,-0.0241089,-0.0189209
6289,0.0488281,-0.038147,-0.0674438,-0.0146484,0.0189209,-0.0750732,-0.0088501,0.11261,0.00335693,0.0360107,0.0302124,0.0158691,0.00762939,-0.00518799,-0.0241089,-0.0189209
6289,0.0488281,-0.038147,-0.0674438,-0.0146484,0.0189209,-0.0750732,-0.0088501,0.11261,0.00335693,0.0360107,0.0302124,0.0158691,0.00762939,-0.00518799,-0.0241089,-0.0189209
6379,0.0476074,-0.0387573,-0.0674438,-0.0149536,0.020752,-0.0759888,-0.00946045,0.113831,0.00488281,0.0360107,0.032959,0.0161743,0.00701904,-0.00518799,-0.0244141,-0.0192261
6379,0.0476074,-0.0387573,-0.0674438,-0.0149536,0.020752,-0.0759888,-0.00946045,0.113831,0.00488281,0.0360107,0.032959,0.0161743,0.00701904,-0.00518799,-0.0244141,-0.0192261
6489,0.0482178,-0.0387573,-0.0692749,-0.0152588,0.0204468,-0.0753784,-0.00976562,0.115051,0.00457764,0.0363159,0.0286865,0.0158691,0.00610352,-0.00488281,-0.0247192,-0.0192261
6489,0.0482178,-0.0387573,-0.0692749,-0.0152588,0.0204468,-0.0753784,-0.00976562,0.115051,0.00457764,0.0363159,0.0286865,0.0158691,0.00610352,-0.00488281,-0.0247192,-0.0192261
6589,0.0476074,-0.038147,-0.0665283,-0.0131226,0.0195312,-0.0741577,-0.00915527,0.112915,0.00457764,0.0350952,0.0314331,0.0158691,0.00701904,-0.00610352,-0.0244141,-0.0195312
6589,0.0476074,-0.038147,-0.0665283,-0.0131226,0.0195312,-0.0741577,-0.00915527,0.112915,0.00457764,0.0350952,0.0314331,0.0158691,0.00701904,-0.00610352,-0.0244141,-0.0195312
6699,0.0473022,-0.0378418,-0.0646973,-0.0131226,0.0195312,-0.0750732,-0.0088501,0.11261,0.00488281,0.0357056,0.0299072,0.0152588,0.00701904,-0.00549316,-0.0250244,-0.0189209
6699,0.0473022,-0.0378418,-0.0646973,-0.0131226,0.0195312,-0.0750732,-0.0088501,0.11261,0.00488281,0.0357056,0.0299072,0.0152588,0.00701904,-0.00549316,-0.0250244,-0.0189209
6789,0.0457764,-0.0369263,-0.0628662,-0.0134277,0.0195312,-0.0750732,-0.00854492,0.112,0.00457764,0.0354004,0.0292969,0.0146484,0.00610352,-0.00549316,-0.0247192,-0.0198364
6789,0.0457764,-0.0369263,-0.0628662,-0.0134277,0.0195312,-0.0750732,-0.00854492,0.112,0.00457764,0.0354004,0.0292969,0.0146484,0.00610352,-0.00549316,-0.0247192,-0.0198364
6899,0.0439453,-0.0372314,-0.0613403,-0.0119019,0.0167847,-0.0759888,-0.0088501,0.111694,0.00518799,0.0350952,0.0296021,0.0158691,0.00732422,-0.00549316,-0.0250244,-0.0189209
6899,0.0439453,-0.0372314,-0.0613403,-0.0119019,0.0167847,-0.0759888,-0.0088501,0.111694,0.00518799,0.0350952,0.0296021,0.0158691,0.00732422,-0.00549316,-0.0250244,-0.0189209
6989,0.043335,-0.0378418,-0.0610352,-0.012207,0.0158691,-0.0769043,-0.00854492,0.114136,0.00457764,0.0344849,0.0280762,0.0161743,0.00762939,-0.00457764,-0.0247192,-0.0204468
6989,0.043335,-0.0378418,-0.0610352,-0.012207,0.0158691,-0.0769043,-0.00854492,0.114136,0.00457764,0.0344849,0.0280762,0.0161743,0.00762939,-0.00457764,-0.0247192,-0.0204468
7099,0.0439453,-0.038147,-0.0616455,-0.0119019,0.0152588,-0.0765991,-0.00732422,0.11261,0.00579834,0.0354004,0.027771,0.0146484,0.00732422,-0.00488281,-0.0253296,-0.0201416
7189,0.0442505,-0.0384521,-0.0610352,-0.0128174,0.015564,-0.0759888,-0.00946045,0.11322,0.00579834,0.0360107,0.0274658,0.0140381,0.00701904,-0.00549316,-0.0247192,-0.0198364
7189,0.0442505,-0.0384521,-0.0610352,-0.0128174,0.015564,-0.0759888,-0.00946045,0.11322,0.00579834,0.0360107,0.0274658,0.0140381,0.00701904,-0.00549316,-0.0247192,-0.0198364
7299,0.0430298,-0.038147,-0.0622559,-0.0137329,0.015564,-0.0759888,-0.0088501,0.111389,0.00579834,0.0360107,0.0280762,0.0134277,0.00671387,-0.00518799,-0.0231934,-0.0198364
7299,0.0430298,-0.038147,-0.0622559,-0.0137329,0.015564,-0.0759888,-0.0088501,0.111389,0.00579834,0.0360107,0.0280762,0.0134277,0.00671387,-0.00518799,-0.0231934,-0.0198364
7399,0.0430298,-0.0384521,-0.0637817,-0.0137329,0.0158691,-0.0759888,-0.00854492,0.112305,0.00488281,0.0357056,0.027771,0.0140381,0.00701904,-0.00549316,-0.0244141,-0.0189209
7399,0.0430298,-0.0384521,-0.0637817,-0.0137329,0.0158691,-0.0759888,-0.00854492,0.112305,0.00488281,0.0357056,0.027771,0.0140381,0.00701904,-0.00549316,-0.0244141,-0.0189209
7489,0.0439453,-0.038147,-0.0616455,-0.0125122,0.0149536,-0.0765991,-0.00762939,0.111084,0.00457764,0.03479,0.0299072,0.0152588,0.00640869,-0.00457764,-0.0253296,-0.0192261
7489,0.0439453,-0.038147,-0.0616455,-0.0125122,0.0149536,-0.0765991,-0.00762939,0.111084,0.00457764,0.03479,0.0299072,0.0152588,0.00640869,-0.00457764,-0.0253296,-0.0192261
7599,0.0436401,-0.0378418,-0.0616455,-0.0143433,0.015564,-0.0765991,-0.00793457,0.111389,0.00457764,0.0360107,0.0323486,0.0170898,0.00762939,-0.00457764,-0.0234985,-0.0192261
7599,0.0436401,-0.0378418,-0.0616455,-0.0143433,0.015564,-0.0765991,-0.00793457,0.111389,0.00457764,0.0360107,0.0323486,0.0170898,0.00762939,-0.00457764,-0.0234985,-0.0192261
7689,0.0430298,-0.0384521,-0.0637817,-0.0140381,0.0170898,-0.0759888,-0.0088501,0.111389,0.00396729,0.0363159,0.0305176,0.0167847,0.00793457,-0.00488281,-0.0238037,-0.0189209
7689,0.0430298,-0.0384521,-0.0637817,-0.0140381,0.0170898,-0.0759888,-0.0088501,0.111389,0.00396729,0.0363159,0.0305176,0.0167847,0.00793457,-0.00488281,-0.0238037,-0.0189209
7799,0.0402832,-0.0384521,-0.0637817,-0.0158691,0.0170898,-0.0750732,-0.0088501,0.111694,0.00488281,0.0350952,0.0292969,0.0158691,0.00793457,-0.00488281,-0.0247192,-0.0189209
7799,0.0402832,-0.0384521,-0.0637817,-0.0158691,0.0170898,-0.0750732,-0.0088501,0.111694,0.00488281,0.0350952,0.0292969,0.0158691,0.00793457,-0.00488281,-0.0247192,-0.0189209
7899,0.0424194,-0.038147,-0.0640869,-0.015564,0.0161743,-0.0765991,-0.0088501,0.112,0.00427246,0.0354004,0.0308228,0.0161743,0.00823975,-0.00366211,-0.0247192,-0.0192261
8009,0.0485229,-0.038147,-0.0662231,-0.0140381,0.0170898,-0.0765991,-0.0088501,0.112,0.00488281,0.0360107,0.0289917,0.0143433,0.00701904,-0.00610352,-0.0244141,-0.0192261
8009,0.0485229,-0.038147,-0.0662231,-0.0140381,0.0170898,-0.0765991,-0.0088501,0.112,0.00488281,0.0360107,0.0289917,0.0143433,0.00701904,-0.00610352,-0.0244141,-0.0192261
8099,0.0512695,-0.038147,-0.0683594,-0.0143433,0.0198364,-0.0759888,-0.00946045,0.111694,0.00457764,0.0350952,0.0259399,0.0115967,0.00732422,-0.00518799,-0.0238037,-0.0192261
8099,0.0512695,-0.038147,-0.0683594,-0.0143433,0.0198364,-0.0759888,-0.00946045,0.111694,0.00457764,0.0350952,0.0259399,0.0115967,0.00732422,-0.00518799,-0.0238037,-0.0192261
8209,0.0473022,-0.0390625,-0.0674438,-0.0161743,0.0210571,-0.0756836,-0.0088501,0.112305,0.00549316,0.0350952,0.0234985,0.0125122,0.00701904,-0.00610352,-0.0244141,-0.0186157
8209,0.0473022,-0.0390625,-0.0674438,-0.0161743,0.0210571,-0.0756836,-0.0088501,0.112305,0.00549316,0.0350952,0.0234985,0.0125122,0.00701904,-0.00610352,-0.0244141,-0.0186157
8299,0.043335,-0.0378418,-0.0653076,-0.0152588,0.0195312,-0.0747681,-0.00946045,0.11322,0.00488281,0.0363159,0.027771,0.0152588,0.00793457,-0.00488281,-0.0244141,-0.0180054
8299,0.043335,-0.0378418,-0.0653076,-0.0152588,0.0195312,-0.0747681,-0.00946045,0.11322,0.00488281,0.0363159,0.027771,0.0152588,0.00793457,-0.00488281,-0.0244141,-0.0180054
8389,0.0457764,-0.0384521,-0.0668335,-0.0140381,0.0219727,-0.0735474,-0.0100708,0.112305,0.00518799,0.0369263,0.027771,0.0146484,0.00793457,-0.00488281,-0.0244141,-0.0186157
8389,0.0457764,-0.0384521,-0.0668335,-0.0140381,0.0219727,-0.0735474,-0.0100708,0.112305,0.00518799,0.0369263,0.027771,0.0146484,0.00793457,-0.00488281,-0.0244141,-0.0186157
8499,0.0448608,-0.0384521,-0.0668335,-0.0152588,0.0222778,-0.0735474,-0.0109863,0.112,0.00488281,0.0360107,0.0268555,0.0137329,0.00854492,-0.00427246,-0.0241089,-0.0201416
8499,0.0448608,-0.0384521,-0.0668335,-0.0152588,0.0222778,-0.0735474,-0.0109863,0.112,0.00488281,0.0360107,0.0268555,0.0137329,0.00854492,-0.00427246,-0.0241089,-0.0201416
8599,0.0460815,-0.0393677,-0.0668335,-0.015564,0.0210571,-0.0732422,-0.0109863,0.112915,0.00518799,0.03479,0.0265503,0.0143433,0.00762939,-0.00457764,-0.0244141,-0.0192261
8599,0.0460815,-0.0393677,-0.0668335,-0.015564,0.0210571,-0.0732422,-0.0109863,0.112915,0.00518799,0.03479,0.0265503,0.0143433,0.00762939,-0.00457764,-0.0244141,-0.0192261
8709,0.0457764,-0.0390625,-0.0671387,-0.0140381,0.0213623,-0.0741577,-0.010376,0.112915,0.00427246,0.0354004,0.0268555,0.0143433,0.00701904,-0.00610352,-0.0238037,-0.0183105
8709,0.0457764,-0.0390625,-0.0671387,-0.0140381,0.0213623,-0.0741577,-0.010376,0.112915,0.00427246,0.0354004,0.0268555,0.0143433,0.00701904,-0.00610352,-0.0238037,-0.0183105
8799,0.0460815,-0.0372314,-0.0665283,-0.0146484,0.0216675,-0.0735474,-0.0106812,0.112915,0.00457764,0.0357056,0.0274658,0.0137329,0.00793457,-0.00549316,-0.0241089,-0.0180054
8909,0.0454712,-0.0387573,-0.0671387,-0.0140381,0.0204468,-0.0741577,-0.010376,0.112,0.00488281,0.0357056,0.0271606,0.0125122,0.00732422,-0.00518799,-0.0250244,-0.0189209
8909,0.0454712,-0.0387573,-0.0671387,-0.0140381,0.0204468,-0.0741577,-0.010376,0.112,0.00488281,0.0357056,0.0271606,0.0125122,0.00732422,-0.00518799,-0.0250244,-0.0189209
8999,0.0454712,-0.038147,-0.0668335,-0.0146484,0.0219727,-0.0741577,-0.00946045,0.111694,0.00488281,0.0360107,0.0274658,0.0137329,0.00762939,-0.00488281,-0.0241089,-0.0186157
8999,0.0454712,-0.038147,-0.0668335,-0.0146484,0.0219727,-0.0741577,-0.00946045,0.111694,0.00488281,0.0360107,0.0274658,0.0137329,0.00762939,-0.00488281,-0.0241089,-0.0186157
9109,0.0466919,-0.0384521,-0.0668335,-0.015564,0.0216675,-0.0747681,-0.0100708,0.11322,0.00518799,0.0363159,0.0274658,0.0143433,0.00823975,-0.00518799,-0.0234985,-0.0183105
9109,0.0466919,-0.0384521,-0.0668335,-0.015564,0.0216675,-0.0747681,-0.0100708,0.11322,0.00518799,0.0363159,0.0274658,0.0143433,0.00823975,-0.00518799,-0.0234985,-0.0183105
9199,0.0466919,-0.0393677,-0.0656128,-0.0152588,0.022583,-0.0744629,-0.0112915,0.112305,0.00427246,0.0363159,0.0268555,0.0143433,0.00762939,-0.00610352,-0.0247192,-0.0192261
9199,0.0466919,-0.0393677,-0.0656128,-0.0152588,0.022583,-0.0744629,-0.0112915,0.112305,0.00427246,0.0363159,0.0268555,0.0143433,0.00762939,-0.00610352,-0.0247192,-0.0192261
9309,0.0457764,-0.0402832,-0.0671387,-0.0149536,0.0219727,-0.0741577,-0.0106812,0.113831,0.00518799,0.0354004,0.0274658,0.0140381,0.00823975,-0.00457764,-0.0228882,-0.0180054
9309,0.0457764,-0.0402832,-0.0671387,-0.0149536,0.0219727,-0.0741577,-0.0106812,0.113831,0.00518799,0.0354004,0.0274658,0.0140381,0.00823975,-0.00457764,-0.0228882,-0.0180054
9399,0.0454712,-0.0408936,-0.0680542,-0.0140381,0.0210571,-0.0732422,-0.00976562,0.114441,0.00488281,0.0357056,0.0268555,0.0143433,0.00732422,-0.00366211,-0.0241089,-0.0186157
9399,0.0454712,-0.0408936,-0.0680542,-0.0140381,0.0210571,-0.0732422,-0.00976562,0.114441,0.00488281,0.0357056,0.0268555,0.0143433,0.00732422,-0.00366211,-0.0241089,-0.0186157
9509,0.0460815,-0.0405884,-0.0671387,-0.0137329,0.0213623,-0.0744629,-0.00976562,0.113831,0.00518799,0.0357056,0.027771,0.0146484,0.00732422,-0.00488281,-0.0241089,-0.0186157
9509,0.0460815,-0.0405884,-0.0671387,-0.0137329,0.0213623,-0.0744629,-0.00976562,0.113831,0.00518799,0.0357056,0.027771,0.0146484,0.00732422,-0.00488281,-0.0241089,-0.0186157
9599,0.0457764,-0.0378418,-0.065918,-0.0146484,0.0216675,-0.0744629,-0.0106812,0.111694,0.00457764,0.0363159,0.0271606,0.0137329,0.00732422,-0.00518799,-0.0241089,-0.0186157
9709,0.0448608,-0.0393677,-0.0662231,-0.0137329,0.0204468,-0.0744629,-0.00915527,0.11322,0.00488281,0.0366211,0.0265503,0.0128174,0.00671387,-0.00518799,-0.0247192,-0.0183105
9709,0.0448608,-0.0393677,-0.0662231,-0.0137329,0.0204468,-0.0744629,-0.00915527,0.11322,0.00488281,0.0366211,0.0265503,0.0128174,0.00671387,-0.00518799,-0.0247192,-0.0183105
9809,0.0454712,-0.0408936,-0.065918,-0.0128174,0.0204468,-0.0735474,-0.0088501,0.11322,0.00549316,0.0360107,0.0271606,0.0134277,0.00701904,-0.00427246,-0.0244141,-0.0192261
9809,0.0454712,-0.0408936,-0.065918,-0.0128174,0.0204468,-0.0735474,-0.0088501,0.11322,0.00549316,0.0360107,0.0271606,0.0134277,0.00701904,-0.00427246,-0.0244141,-0.0192261
9919,0.0466919,-0.038147,-0.0656128,-0.0143433,0.0210571,-0.0744629,-0.00915527,0.111084,0.00488281,0.0375366,0.0268555,0.0128174,0.00732422,-0.00549316,-0.0247192,-0.0192261
9919,0.0466919,-0.038147,-0.0656128,-0.0143433,0.0210571,-0.0744629,-0.00915527,0.111084,0.00488281,0.0375366,0.0268555,0.0128174,0.00732422,-0.00549316,-0.0247192,-0.0192261
9999,0.0466919,-0.0366211,-0.0656128,-0.0140381,0.020752,-0.0747681,-0.010376,0.111694,0.00549316,0.0357056,0.0268555,0.0140381,0.00671387,-0.00640869,-0.0244141,-0.0186157
